{"answer": ["positive"], "question": "positive or negative?", "id": 1, "context": "inspiration and "}
{"answer": ["negative"], "question": "positive or negative?", "id": 2, "context": "a cheap scam put together by some cynical creeps at revolution studios and imagine entertainment to make the suckers out there surrender $ 9 and 93 minutes of unrecoverable life . "}
{"answer": ["negative"], "question": "positive or negative?", "id": 3, "context": "\") do anything as stomach-turning as the way adam sandler 's new movie rapes , pillages and incinerates frank capra 's classic \""}
{"answer": ["positive"], "question": "positive or negative?", "id": 4, "context": "a well-crafted film "}
{"answer": ["negative"], "question": "positive or negative?", "id": 5, "context": "\"barely makes sense , with its unbelievable na\u00efvet\u00e9 and arbitrary flashbacks . \""}
{"answer": ["negative"], "question": "positive or negative?", "id": 6, "context": "takes every potential laugh and stiletto-stomps the life out of it "}
{"answer": ["negative"], "question": "positive or negative?", "id": 7, "context": "\"even in terms of the low-grade cheese standards on which it operates , it never quite makes the grade as tawdry trash . \""}
{"answer": ["positive"], "question": "positive or negative?", "id": 8, "context": "\"finding the characters in slackers or their antics amusing , let alone funny \""}
{"answer": ["negative"], "question": "positive or negative?", "id": 9, "context": "lack-of-attention "}
{"answer": ["positive"], "question": "positive or negative?", "id": 10, "context": "the nation "}
{"answer": ["negative"], "question": "positive or negative?", "id": 11, "context": "crap "}
{"answer": ["negative"], "question": "positive or negative?", "id": 12, "context": "is essentially an extended soap opera "}
{"answer": ["positive"], "question": "positive or negative?", "id": 13, "context": "flamboyant style "}
{"answer": ["positive"], "question": "positive or negative?", "id": 14, "context": "an enjoyable feel-good family comedy "}
{"answer": ["positive"], "question": "positive or negative?", "id": 15, "context": "\"the extra effort to see an artist , still committed to growth in his ninth decade , change while remaining true to his principles \""}
{"answer": ["negative"], "question": "positive or negative?", "id": 16, "context": "\"a grating , \""}
{"answer": ["negative"], "question": "positive or negative?", "id": 17, "context": "offers the none-too-original premise that everyone involved with moviemaking is a con artist and a liar . "}
{"answer": ["positive"], "question": "positive or negative?", "id": 18, "context": "an intimate contemplation of two marvelously "}
{"answer": ["positive"], "question": "positive or negative?", "id": 19, "context": "what elevates the movie above the run-of-the-mill singles blender "}
{"answer": ["positive"], "question": "positive or negative?", "id": 20, "context": "quality band "}
