{"answer": ["negative"], "question": "positive or negative?", "id": 1, "context": "empty head "}
{"answer": ["positive"], "question": "positive or negative?", "id": 2, "context": "using an endearing cast "}
{"answer": ["positive"], "question": "positive or negative?", "id": 3, "context": "a beautiful paean to a time long past . "}
{"answer": ["positive"], "question": "positive or negative?", "id": 4, "context": "\"he does all of this , and more , while remaining one of the most savagely hilarious social critics this side of jonathan swift . \""}
{"answer": ["negative"], "question": "positive or negative?", "id": 5, "context": "totally past his prime "}
{"answer": ["negative"], "question": "positive or negative?", "id": 6, "context": "diminishing his stature from oscar-winning master "}
{"answer": ["negative"], "question": "positive or negative?", "id": 7, "context": "is very choppy and monosyllabic despite the fact "}
{"answer": ["positive"], "question": "positive or negative?", "id": 8, "context": "very well-written "}
{"answer": ["positive"], "question": "positive or negative?", "id": 9, "context": "recommend this film "}
{"answer": ["positive"], "question": "positive or negative?", "id": 10, "context": "\"mind to see a feature that concentrates on people , a project in which the script and characters hold sway \""}
{"answer": ["positive"], "question": "positive or negative?", "id": 11, "context": "rated eee for excitement . "}
{"answer": ["positive"], "question": "positive or negative?", "id": 12, "context": "\", it 's the best sequel since the empire strikes back ... a majestic achievement , an epic of astonishing grandeur and surprising emotional depth . \""}
{"answer": ["negative"], "question": "positive or negative?", "id": 13, "context": "get bogged down in earnest dramaturgy "}
{"answer": ["negative"], "question": "positive or negative?", "id": 14, "context": "'s only one way to kill michael myers for good : stop buying tickets to these movies . "}
{"answer": ["positive"], "question": "positive or negative?", "id": 15, "context": "a true delight . "}
{"answer": ["positive"], "question": "positive or negative?", "id": 16, "context": "watching seinfeld ( who is also one of the film 's producers ) do everything he can to look like a good guy "}
{"answer": ["negative"], "question": "positive or negative?", "id": 17, "context": "of him wheedling reluctant witnesses and pointing his camera through the smeared windshield of his rental car "}
{"answer": ["positive"], "question": "positive or negative?", "id": 18, "context": "it is definitely worth seeing . "}
{"answer": ["negative"], "question": "positive or negative?", "id": 19, "context": "the movie is undone by a filmmaking methodology that 's just experimental enough to alienate the mainstream audience while ringing cliched to hardened indie-heads . "}
{"answer": ["positive"], "question": "positive or negative?", "id": 20, "context": "the four primary actors "}
{"answer": ["negative"], "question": "positive or negative?", "id": 21, "context": "\"it made me feel unclean , and \""}
{"answer": ["negative"], "question": "positive or negative?", "id": 22, "context": "the pretensions -- and disposable story -- sink the movie . "}
{"answer": ["positive"], "question": "positive or negative?", "id": 23, "context": "well-written "}
{"answer": ["negative"], "question": "positive or negative?", "id": 24, "context": "hate it because it 's lousy "}
{"answer": ["negative"], "question": "positive or negative?", "id": 25, "context": "\"it has no affect on the kurds , but it wore me down . \""}
{"answer": ["positive"], "question": "positive or negative?", "id": 26, "context": "with a screenplay to die for "}
{"answer": ["positive"], "question": "positive or negative?", "id": 27, "context": "laughs and insight into one of the toughest ages a kid can go through . "}
{"answer": ["negative"], "question": "positive or negative?", "id": 28, "context": "somewhat tired premise "}
{"answer": ["negative"], "question": "positive or negative?", "id": 29, "context": "could restage the whole thing in your bathtub "}
{"answer": ["negative"], "question": "positive or negative?", "id": 30, "context": "\"the book 's irreverent energy , and scotches most \""}
