{"answer": [""], "question": "List all the people names in the context", "id": "70_1", "context": "Much of the story takes place in Flagstaff , Arizona , where Sgt ."}
{"answer": [""], "question": "List all the organizations in the context", "id": "70_2", "context": "Much of the story takes place in Flagstaff , Arizona , where Sgt ."}
{"answer": ["Flagstaff , Arizona"], "question": "List all the locations in the context", "id": "70_3", "context": "Much of the story takes place in Flagstaff , Arizona , where Sgt ."}
{"answer": ["Dev ( actor )"], "question": "List all the people names in the context", "id": "732_1", "context": "Dev ( actor )"}
{"answer": [""], "question": "List all the organizations in the context", "id": "732_2", "context": "Dev ( actor )"}
{"answer": [""], "question": "List all the locations in the context", "id": "732_3", "context": "Dev ( actor )"}
{"answer": ["Christopher Andersen"], "question": "List all the people names in the context", "id": "834_1", "context": "Christopher Andersen , journalist and author"}
{"answer": [""], "question": "List all the organizations in the context", "id": "834_2", "context": "Christopher Andersen , journalist and author"}
{"answer": [""], "question": "List all the locations in the context", "id": "834_3", "context": "Christopher Andersen , journalist and author"}
{"answer": [""], "question": "List all the people names in the context", "id": "3076_1", "context": "\u00c9cole V\u00e9t\u00e9rinaire de Maisons-Alfort ( Paris M\u00e9tro )"}
{"answer": ["\u00c9cole V\u00e9t\u00e9rinaire de Maisons-Alfort ( Paris M\u00e9tro )"], "question": "List all the organizations in the context", "id": "3076_2", "context": "\u00c9cole V\u00e9t\u00e9rinaire de Maisons-Alfort ( Paris M\u00e9tro )"}
{"answer": [""], "question": "List all the locations in the context", "id": "3076_3", "context": "\u00c9cole V\u00e9t\u00e9rinaire de Maisons-Alfort ( Paris M\u00e9tro )"}
{"answer": ["Dante Fascell"], "question": "List all the people names in the context", "id": "15987_1", "context": "Dante Fascell ( D )"}
{"answer": [""], "question": "List all the organizations in the context", "id": "15987_2", "context": "Dante Fascell ( D )"}
{"answer": [""], "question": "List all the locations in the context", "id": "15987_3", "context": "Dante Fascell ( D )"}
{"answer": [""], "question": "List all the people names in the context", "id": "6880_1", "context": "Air Congo was formed ."}
{"answer": ["Air Congo"], "question": "List all the organizations in the context", "id": "6880_2", "context": "Air Congo was formed ."}
{"answer": [""], "question": "List all the locations in the context", "id": "6880_3", "context": "Air Congo was formed ."}
{"answer": [""], "question": "List all the people names in the context", "id": "19371_1", "context": "`` Run It ! ''"}
{"answer": ["Run It !"], "question": "List all the organizations in the context", "id": "19371_2", "context": "`` Run It ! ''"}
{"answer": [""], "question": "List all the locations in the context", "id": "19371_3", "context": "`` Run It ! ''"}
{"answer": ["Lesley Manville"], "question": "List all the people names in the context", "id": "12492_1", "context": "Lesley Manville as Margy"}
{"answer": [""], "question": "List all the organizations in the context", "id": "12492_2", "context": "Lesley Manville as Margy"}
{"answer": [""], "question": "List all the locations in the context", "id": "12492_3", "context": "Lesley Manville as Margy"}
{"answer": ["Pavle Juri\u0161i\u0107 \u0160turm"], "question": "List all the people names in the context", "id": "14595_1", "context": "Pavle Juri\u0161i\u0107 \u0160turm ( 1848-1922 ) , 1917"}
{"answer": [""], "question": "List all the organizations in the context", "id": "14595_2", "context": "Pavle Juri\u0161i\u0107 \u0160turm ( 1848-1922 ) , 1917"}
{"answer": [""], "question": "List all the locations in the context", "id": "14595_3", "context": "Pavle Juri\u0161i\u0107 \u0160turm ( 1848-1922 ) , 1917"}
{"answer": [""], "question": "List all the people names in the context", "id": "14181_1", "context": "' '' Disney Channel '' '"}
{"answer": ["Disney Channel"], "question": "List all the organizations in the context", "id": "14181_2", "context": "' '' Disney Channel '' '"}
{"answer": [""], "question": "List all the locations in the context", "id": "14181_3", "context": "' '' Disney Channel '' '"}
