{"answer": ["Glamorgan"], "question": "List all the organizations in the context", "id": "3744", "context": "52 not out ) v Glamorgan ."}
{"answer": [""], "question": "List all the people names in the context", "id": "3744_", "context": "52 not out ) v Glamorgan ."}
{"answer": [""], "question": "List all the locations in the context", "id": "3744_", "context": "52 not out ) v Glamorgan ."}
{"answer": ["Rodney Eyles", "Zarak Jahan Khan"], "question": "List all the people names in the context", "id": "10431", "context": "2 - Rodney Eyles ( Australia ) beat Zarak Jahan Khan ( Pakistan )"}
{"answer": ["Pakistan", "Australia"], "question": "List all the locations in the context", "id": "10432", "context": "2 - Rodney Eyles ( Australia ) beat Zarak Jahan Khan ( Pakistan )"}
{"answer": [""], "question": "List all the organizations in the context", "id": "10432_", "context": "2 - Rodney Eyles ( Australia ) beat Zarak Jahan Khan ( Pakistan )"}
{"answer": ["OWENS", "JOHNSON", "CHRISTIE"], "question": "List all the people names in the context", "id": "10906", "context": "ATHLETICS - CHRISTIE AND JOHNSON ASKED TO JOIN OWENS ' TRIBUTE ."}
{"answer": [""], "question": "List all the organizations in the context", "id": "10906_", "context": "ATHLETICS - CHRISTIE AND JOHNSON ASKED TO JOIN OWENS ' TRIBUTE ."}
{"answer": [""], "question": "List all the locations in the context", "id": "10906_", "context": "ATHLETICS - CHRISTIE AND JOHNSON ASKED TO JOIN OWENS ' TRIBUTE ."}
{"answer": ["Britain"], "question": "List all the locations in the context", "id": "10919", "context": "\" Most of the Olympic champions of the past are coming including Britain 's ( 1980 champion ) Allan Wells ."}
{"answer": ["Allan Wells"], "question": "List all the people names in the context", "id": "10920", "context": "\" Most of the Olympic champions of the past are coming including Britain 's ( 1980 champion ) Allan Wells ."}
{"answer": [""], "question": "List all the organizations in the context", "id": "10920_", "context": "\" Most of the Olympic champions of the past are coming including Britain 's ( 1980 champion ) Allan Wells ."}
{"answer": ["Gloria Bistrita"], "question": "List all the organizations in the context", "id": "543", "context": "Gloria Bistrita - Ilie Lazar ( 32nd ) , Eugen Voica ( 84th )"}
{"answer": ["Ilie Lazar", "Eugen Voica"], "question": "List all the people names in the context", "id": "544", "context": "Gloria Bistrita - Ilie Lazar ( 32nd ) , Eugen Voica ( 84th )"}
{"answer": [""], "question": "List all the locations in the context", "id": "544_", "context": "Gloria Bistrita - Ilie Lazar ( 32nd ) , Eugen Voica ( 84th )"}
{"answer": ["Liverpool", "Chelsea", "F.A.I."], "question": "List all the organizations in the context", "id": "2917", "context": "The F.A.I. statement said that Liverpool striker Mark Kennedy and Chelsea defender Terry Phelan were both receiving treatment for injuries and would not be travelling to Liechenstein for the game ."}
{"answer": ["Mark Kennedy", "Terry Phelan"], "question": "List all the people names in the context", "id": "2918", "context": "The F.A.I. statement said that Liverpool striker Mark Kennedy and Chelsea defender Terry Phelan were both receiving treatment for injuries and would not be travelling to Liechenstein for the game ."}
{"answer": ["Liechenstein"], "question": "List all the locations in the context", "id": "2919", "context": "The F.A.I. statement said that Liverpool striker Mark Kennedy and Chelsea defender Terry Phelan were both receiving treatment for injuries and would not be travelling to Liechenstein for the game ."}
{"answer": ["Zaire"], "question": "List all the locations in the context", "id": "12906", "context": "Zaire installs first election delegates ."}
{"answer": [""], "question": "List all the people names in the context", "id": "12906_", "context": "Zaire installs first election delegates ."}
{"answer": [""], "question": "List all the organizations in the context", "id": "12906_", "context": "Zaire installs first election delegates ."}
{"answer": ["S&P", "\"MOODY S\""], "question": "List all the organizations in the context", "id": "7888", "context": "MOODY 'S : A1 S&P : AA- FITCH : AA-"}
{"answer": [""], "question": "List all the people names in the context", "id": "7888_", "context": "MOODY 'S : A1 S&P : AA- FITCH : AA-"}
{"answer": [""], "question": "List all the locations in the context", "id": "7888_", "context": "MOODY 'S : A1 S&P : AA- FITCH : AA-"}
{"answer": ["Larry Fine"], "question": "List all the people names in the context", "id": "7015", "context": "Larry Fine"}
{"answer": [""], "question": "List all the organizations in the context", "id": "7015_", "context": "Larry Fine"}
{"answer": [""], "question": "List all the locations in the context", "id": "7015_", "context": "Larry Fine"}
{"answer": ["Israel"], "question": "List all the locations in the context", "id": "11782", "context": "\" On Friday , all Moslems , including Palestinians in Israel ..."}
{"answer": [""], "question": "List all the people names in the context", "id": "11782_", "context": "\" On Friday , all Moslems , including Palestinians in Israel ..."}
{"answer": [""], "question": "List all the organizations in the context", "id": "11782_", "context": "\" On Friday , all Moslems , including Palestinians in Israel ..."}
{"answer": ["Thailand"], "question": "List all the locations in the context", "id": "13802", "context": "A consortium led by Thailand 's Siam Commercial Bank Plc has secured at auction the right to sell two state agency bond issues worth a combined 3.73 billion baht , an official at the bank said on Thursday ."}
{"answer": ["Siam Commercial Bank Plc"], "question": "List all the organizations in the context", "id": "13803", "context": "A consortium led by Thailand 's Siam Commercial Bank Plc has secured at auction the right to sell two state agency bond issues worth a combined 3.73 billion baht , an official at the bank said on Thursday ."}
{"answer": [""], "question": "List all the people names in the context", "id": "13803_", "context": "A consortium led by Thailand 's Siam Commercial Bank Plc has secured at auction the right to sell two state agency bond issues worth a combined 3.73 billion baht , an official at the bank said on Thursday ."}
{"answer": ["CINCINNATI"], "question": "List all the organizations in the context", "id": "888", "context": "CINCINNATI AT ATLANTA"}
{"answer": ["ATLANTA"], "question": "List all the locations in the context", "id": "889", "context": "CINCINNATI AT ATLANTA"}
{"answer": [""], "question": "List all the people names in the context", "id": "889_", "context": "CINCINNATI AT ATLANTA"}
{"answer": ["BALTIMORE"], "question": "List all the organizations in the context", "id": "12686", "context": "BALTIMORE AT SEATTLE"}
{"answer": ["SEATTLE"], "question": "List all the locations in the context", "id": "12687", "context": "BALTIMORE AT SEATTLE"}
{"answer": [""], "question": "List all the people names in the context", "id": "12687_", "context": "BALTIMORE AT SEATTLE"}
{"answer": ["Erik Camerlengo"], "question": "List all the people names in the context", "id": "4709", "context": "6. Erik Camerlengo ( Italy ) Yamaha"}
{"answer": ["Italy"], "question": "List all the locations in the context", "id": "4710", "context": "6. Erik Camerlengo ( Italy ) Yamaha"}
{"answer": ["Yamaha"], "question": "List all the organizations in the context", "id": "4711", "context": "6. Erik Camerlengo ( Italy ) Yamaha"}
{"answer": ["Havel", "Fernando Henrique Cardoso"], "question": "List all the people names in the context", "id": "9208", "context": "Havel is due to meet with his Brazilian counterpart Fernando Henrique Cardoso in the capital Brasilia and will visit the cities of Manaus , Sao Paulo and Rio de Janeiro ."}
{"answer": ["Sao Paulo", "Rio de Janeiro", "Brasilia"], "question": "List all the locations in the context", "id": "9209", "context": "Havel is due to meet with his Brazilian counterpart Fernando Henrique Cardoso in the capital Brasilia and will visit the cities of Manaus , Sao Paulo and Rio de Janeiro ."}
{"answer": [""], "question": "List all the organizations in the context", "id": "9209_", "context": "Havel is due to meet with his Brazilian counterpart Fernando Henrique Cardoso in the capital Brasilia and will visit the cities of Manaus , Sao Paulo and Rio de Janeiro ."}
{"answer": ["DNEVNI AVAZ"], "question": "List all the organizations in the context", "id": "1334", "context": "DNEVNI AVAZ"}
{"answer": [""], "question": "List all the people names in the context", "id": "1334_", "context": "DNEVNI AVAZ"}
{"answer": [""], "question": "List all the locations in the context", "id": "1334_", "context": "DNEVNI AVAZ"}
{"answer": ["Groningen"], "question": "List all the organizations in the context", "id": "5915", "context": "Groningen 1 ( Gorre 7th ) ."}
{"answer": ["Gorre"], "question": "List all the people names in the context", "id": "5916", "context": "Groningen 1 ( Gorre 7th ) ."}
{"answer": [""], "question": "List all the locations in the context", "id": "5916_", "context": "Groningen 1 ( Gorre 7th ) ."}
{"answer": ["Leonard Santorelli"], "question": "List all the people names in the context", "id": "8061", "context": "Leonard Santorelli"}
{"answer": [""], "question": "List all the organizations in the context", "id": "8061_", "context": "Leonard Santorelli"}
{"answer": [""], "question": "List all the locations in the context", "id": "8061_", "context": "Leonard Santorelli"}
{"answer": ["Stephanie"], "question": "List all the people names in the context", "id": "11936", "context": "Stephanie of Monaco 's husband snapped cavorting ."}
{"answer": ["Monaco"], "question": "List all the locations in the context", "id": "11937", "context": "Stephanie of Monaco 's husband snapped cavorting ."}
{"answer": [""], "question": "List all the organizations in the context", "id": "11937_", "context": "Stephanie of Monaco 's husband snapped cavorting ."}
{"answer": ["Rudolf Gajdos"], "question": "List all the people names in the context", "id": "9100", "context": "But they have difficulty remembering what happened there , perhaps because of drugs , and are unsure whether they were filmed for pornography , Rudolf Gajdos , head of the Slovak office of Interpol , told Reuters ."}
{"answer": ["Reuters", "Interpol"], "question": "List all the organizations in the context", "id": "9101", "context": "But they have difficulty remembering what happened there , perhaps because of drugs , and are unsure whether they were filmed for pornography , Rudolf Gajdos , head of the Slovak office of Interpol , told Reuters ."}
{"answer": [""], "question": "List all the locations in the context", "id": "9101_", "context": "But they have difficulty remembering what happened there , perhaps because of drugs , and are unsure whether they were filmed for pornography , Rudolf Gajdos , head of the Slovak office of Interpol , told Reuters ."}
