{"answer": ["Nigeria", "Ubimini"], "question": "List all the locations in the context", "id": "4253", "context": "An outbreak of cholera has killed 21 people in a week at Ubimini in oil-rich southern Nigeria , the News Agency of Nigeria reported on Saturday ."}
{"answer": ["News Agency of Nigeria"], "question": "List all the organizations in the context", "id": "4254", "context": "An outbreak of cholera has killed 21 people in a week at Ubimini in oil-rich southern Nigeria , the News Agency of Nigeria reported on Saturday ."}
{"answer": [""], "question": "List all the people names in the context", "id": "4254_", "context": "An outbreak of cholera has killed 21 people in a week at Ubimini in oil-rich southern Nigeria , the News Agency of Nigeria reported on Saturday ."}
{"answer": ["Basuki", "Graf"], "question": "List all the people names in the context", "id": "10628", "context": "Basuki , a first-round loser here for the fifth consecutive year , was clearly going for winners , hitting the lines and running Graf around the court as she broke the top seed twice in the second set to grab that shocking 5-2 lead ."}
{"answer": [""], "question": "List all the locations in the context", "id": "10628_", "context": "Basuki , a first-round loser here for the fifth consecutive year , was clearly going for winners , hitting the lines and running Graf around the court as she broke the top seed twice in the second set to grab that shocking 5-2 lead ."}
{"answer": [""], "question": "List all the organizations in the context", "id": "10628_", "context": "Basuki , a first-round loser here for the fifth consecutive year , was clearly going for winners , hitting the lines and running Graf around the court as she broke the top seed twice in the second set to grab that shocking 5-2 lead ."}
{"answer": ["Brady"], "question": "List all the people names in the context", "id": "9691", "context": "Brady"}
{"answer": [""], "question": "List all the locations in the context", "id": "9691_", "context": "Brady"}
{"answer": [""], "question": "List all the organizations in the context", "id": "9691_", "context": "Brady"}
{"answer": ["Markgraaff"], "question": "List all the people names in the context", "id": "2066", "context": "The line-up would not be announced until shortly before the start , Markgraaff said ."}
{"answer": [""], "question": "List all the locations in the context", "id": "2066_", "context": "The line-up would not be announced until shortly before the start , Markgraaff said ."}
{"answer": [""], "question": "List all the organizations in the context", "id": "2066_", "context": "The line-up would not be announced until shortly before the start , Markgraaff said ."}
{"answer": ["Sport Recife", "Coritiba"], "question": "List all the organizations in the context", "id": "6945", "context": "Sport Recife 3 Coritiba 0"}
{"answer": [""], "question": "List all the locations in the context", "id": "6945_", "context": "Sport Recife 3 Coritiba 0"}
{"answer": [""], "question": "List all the people names in the context", "id": "6945_", "context": "Sport Recife 3 Coritiba 0"}
{"answer": ["Sparta Rotterdam", "Vitesse Arnhem"], "question": "List all the organizations in the context", "id": "10814", "context": "Vitesse Arnhem 1 ( Vierklau 85th ) Sparta Rotterdam 1 ( Gerard"}
{"answer": ["Gerard", "Vierklau"], "question": "List all the people names in the context", "id": "10815", "context": "Vitesse Arnhem 1 ( Vierklau 85th ) Sparta Rotterdam 1 ( Gerard"}
{"answer": [""], "question": "List all the locations in the context", "id": "10815_", "context": "Vitesse Arnhem 1 ( Vierklau 85th ) Sparta Rotterdam 1 ( Gerard"}
{"answer": ["Nicolas Lapentti", "\"Alex OBrien\""], "question": "List all the people names in the context", "id": "8668", "context": "Alex O'Brien , who scored his first professional title eight days ago in New Haven , advanced to the second round with a 6-4 1-6 6-4 6-3 win over Ecuador 's Nicolas Lapentti ."}
{"answer": ["New Haven", "Ecuador"], "question": "List all the locations in the context", "id": "8669", "context": "Alex O'Brien , who scored his first professional title eight days ago in New Haven , advanced to the second round with a 6-4 1-6 6-4 6-3 win over Ecuador 's Nicolas Lapentti ."}
{"answer": [""], "question": "List all the organizations in the context", "id": "8669_", "context": "Alex O'Brien , who scored his first professional title eight days ago in New Haven , advanced to the second round with a 6-4 1-6 6-4 6-3 win over Ecuador 's Nicolas Lapentti ."}
{"answer": ["China", "Canada", "Hong Kong"], "question": "List all the locations in the context", "id": "11169", "context": "Canada is fast-tracking immigration applications from Chinese dissidents in Hong Kong before the British colony reverts to China 's control next year , the Vancouver Sun reported on Wednesday ."}
{"answer": ["Vancouver Sun"], "question": "List all the organizations in the context", "id": "11170", "context": "Canada is fast-tracking immigration applications from Chinese dissidents in Hong Kong before the British colony reverts to China 's control next year , the Vancouver Sun reported on Wednesday ."}
{"answer": [""], "question": "List all the people names in the context", "id": "11170_", "context": "Canada is fast-tracking immigration applications from Chinese dissidents in Hong Kong before the British colony reverts to China 's control next year , the Vancouver Sun reported on Wednesday ."}
{"answer": ["Russia", "Brazil"], "question": "List all the locations in the context", "id": "10425", "context": "Russia and Brazil drew 2-2"}
{"answer": [""], "question": "List all the people names in the context", "id": "10425_", "context": "Russia and Brazil drew 2-2"}
{"answer": [""], "question": "List all the organizations in the context", "id": "10425_", "context": "Russia and Brazil drew 2-2"}
{"answer": ["Fernando Roca", "Derrick", "Thomas Bjorn"], "question": "List all the people names in the context", "id": "1029", "context": "Thomas Bjorn ( Denmark ) , Fernando Roca ( Spain ) , Derrick"}
{"answer": ["Spain", "Denmark"], "question": "List all the locations in the context", "id": "1030", "context": "Thomas Bjorn ( Denmark ) , Fernando Roca ( Spain ) , Derrick"}
{"answer": [""], "question": "List all the organizations in the context", "id": "1030_", "context": "Thomas Bjorn ( Denmark ) , Fernando Roca ( Spain ) , Derrick"}
{"answer": ["Montpellier", "Lens"], "question": "List all the organizations in the context", "id": "10897", "context": "Lens 3 Montpellier 2"}
{"answer": [""], "question": "List all the locations in the context", "id": "10897_", "context": "Lens 3 Montpellier 2"}
{"answer": [""], "question": "List all the people names in the context", "id": "10897_", "context": "Lens 3 Montpellier 2"}
{"answer": ["Kabul", "Kandahar"], "question": "List all the locations in the context", "id": "188", "context": "When asked whether the three guards would travel back to Kandahar or the Afghan capital Kabul , the embassy official said : \" That has not been decided , but possibly Kandahar . \""}
{"answer": [""], "question": "List all the people names in the context", "id": "188_", "context": "When asked whether the three guards would travel back to Kandahar or the Afghan capital Kabul , the embassy official said : \" That has not been decided , but possibly Kandahar . \""}
{"answer": [""], "question": "List all the organizations in the context", "id": "188_", "context": "When asked whether the three guards would travel back to Kandahar or the Afghan capital Kabul , the embassy official said : \" That has not been decided , but possibly Kandahar . \""}
{"answer": ["ORIOLES", "YANKEES"], "question": "List all the organizations in the context", "id": "8602", "context": "BASEBALL - ORIOLES WIN , YANKEES LOSE ."}
{"answer": [""], "question": "List all the locations in the context", "id": "8602_", "context": "BASEBALL - ORIOLES WIN , YANKEES LOSE ."}
{"answer": [""], "question": "List all the people names in the context", "id": "8602_", "context": "BASEBALL - ORIOLES WIN , YANKEES LOSE ."}
{"answer": ["El-Watan"], "question": "List all the organizations in the context", "id": "4518", "context": "El-Watan paper said the blast killed seven -- a mother and her 25-year-old daughter , four young boys and a five-year-old girl ."}
{"answer": [""], "question": "List all the locations in the context", "id": "4518_", "context": "El-Watan paper said the blast killed seven -- a mother and her 25-year-old daughter , four young boys and a five-year-old girl ."}
{"answer": [""], "question": "List all the people names in the context", "id": "4518_", "context": "El-Watan paper said the blast killed seven -- a mother and her 25-year-old daughter , four young boys and a five-year-old girl ."}
{"answer": ["India"], "question": "List all the locations in the context", "id": "9790", "context": "India has also pledged to oppose any forwarding of the draft treaty to the United Nations General Assembly ."}
{"answer": ["United Nations General Assembly"], "question": "List all the organizations in the context", "id": "9791", "context": "India has also pledged to oppose any forwarding of the draft treaty to the United Nations General Assembly ."}
{"answer": [""], "question": "List all the people names in the context", "id": "9791_", "context": "India has also pledged to oppose any forwarding of the draft treaty to the United Nations General Assembly ."}
{"answer": ["Sri Lanka"], "question": "List all the locations in the context", "id": "4206", "context": "The one-day match between Sri Lanka and a World XI was abandoned on Saturday because of rain ."}
{"answer": ["World XI"], "question": "List all the organizations in the context", "id": "4207", "context": "The one-day match between Sri Lanka and a World XI was abandoned on Saturday because of rain ."}
{"answer": [""], "question": "List all the people names in the context", "id": "4207_", "context": "The one-day match between Sri Lanka and a World XI was abandoned on Saturday because of rain ."}
{"answer": ["Dutch PTT"], "question": "List all the organizations in the context", "id": "3349", "context": "Dutch PTT earlier on Friday repeated a forecast it would improve on 1995 's 2.26 billion guilder net profit for the whole year of 1996 ."}
{"answer": [""], "question": "List all the locations in the context", "id": "3349_", "context": "Dutch PTT earlier on Friday repeated a forecast it would improve on 1995 's 2.26 billion guilder net profit for the whole year of 1996 ."}
{"answer": [""], "question": "List all the people names in the context", "id": "3349_", "context": "Dutch PTT earlier on Friday repeated a forecast it would improve on 1995 's 2.26 billion guilder net profit for the whole year of 1996 ."}
{"answer": ["England", "Pakistan", "Old Trafford"], "question": "List all the locations in the context", "id": "12489", "context": "Pakistan won the toss and elected to bat in the first one-day cricket international between England and Pakistan at Old Trafford on Thursday ."}
{"answer": [""], "question": "List all the people names in the context", "id": "12489_", "context": "Pakistan won the toss and elected to bat in the first one-day cricket international between England and Pakistan at Old Trafford on Thursday ."}
{"answer": [""], "question": "List all the organizations in the context", "id": "12489_", "context": "Pakistan won the toss and elected to bat in the first one-day cricket international between England and Pakistan at Old Trafford on Thursday ."}
{"answer": ["Boston"], "question": "List all the organizations in the context", "id": "8621", "context": "Boston has won seven of eight and is 20-6 since August 2nd ."}
{"answer": [""], "question": "List all the locations in the context", "id": "8621_", "context": "Boston has won seven of eight and is 20-6 since August 2nd ."}
{"answer": [""], "question": "List all the people names in the context", "id": "8621_", "context": "Boston has won seven of eight and is 20-6 since August 2nd ."}
{"answer": ["Turkey"], "question": "List all the locations in the context", "id": "9650", "context": "Kurdish guerrillas killed two people and took three hostage after stopping two intercity buses at a roadblock in eastern Turkey , security officials said on Tuesday ."}
{"answer": [""], "question": "List all the people names in the context", "id": "9650_", "context": "Kurdish guerrillas killed two people and took three hostage after stopping two intercity buses at a roadblock in eastern Turkey , security officials said on Tuesday ."}
{"answer": [""], "question": "List all the organizations in the context", "id": "9650_", "context": "Kurdish guerrillas killed two people and took three hostage after stopping two intercity buses at a roadblock in eastern Turkey , security officials said on Tuesday ."}
{"answer": ["Indonesia"], "question": "List all the locations in the context", "id": "9775", "context": "Indonesia 's SBPUs auction results ."}
{"answer": [""], "question": "List all the people names in the context", "id": "9775_", "context": "Indonesia 's SBPUs auction results ."}
{"answer": [""], "question": "List all the organizations in the context", "id": "9775_", "context": "Indonesia 's SBPUs auction results ."}
{"answer": ["Montpellier", "Lens"], "question": "List all the organizations in the context", "id": "8692", "context": "Lens , who have won all their three league matches so far , host Montpellier on Wednesday night ."}
{"answer": [""], "question": "List all the locations in the context", "id": "8692_", "context": "Lens , who have won all their three league matches so far , host Montpellier on Wednesday night ."}
{"answer": [""], "question": "List all the people names in the context", "id": "8692_", "context": "Lens , who have won all their three league matches so far , host Montpellier on Wednesday night ."}
{"answer": ["Yeltsin"], "question": "List all the people names in the context", "id": "7434", "context": "It was not clear if the start of Yeltsin 's holiday , announced later , would affect plans to talk ."}
{"answer": [""], "question": "List all the locations in the context", "id": "7434_", "context": "It was not clear if the start of Yeltsin 's holiday , announced later , would affect plans to talk ."}
{"answer": [""], "question": "List all the organizations in the context", "id": "7434_", "context": "It was not clear if the start of Yeltsin 's holiday , announced later , would affect plans to talk ."}
{"answer": ["Lebed"], "question": "List all the people names in the context", "id": "11363", "context": "Lebed likely to fail on Chechnya - Polish minister ."}
{"answer": ["Chechnya"], "question": "List all the locations in the context", "id": "11364", "context": "Lebed likely to fail on Chechnya - Polish minister ."}
{"answer": [""], "question": "List all the organizations in the context", "id": "11364_", "context": "Lebed likely to fail on Chechnya - Polish minister ."}
{"answer": ["Unita", "Government of National Unity and Reconciliation"], "question": "List all the organizations in the context", "id": "2763", "context": "He proposed definite dates , August 25 for return of Unita generals to the joint army , September 5 for the beginning of the formation of the Government of National Unity and Reconciliation ."}
{"answer": [""], "question": "List all the locations in the context", "id": "2763_", "context": "He proposed definite dates , August 25 for return of Unita generals to the joint army , September 5 for the beginning of the formation of the Government of National Unity and Reconciliation ."}
{"answer": [""], "question": "List all the people names in the context", "id": "2763_", "context": "He proposed definite dates , August 25 for return of Unita generals to the joint army , September 5 for the beginning of the formation of the Government of National Unity and Reconciliation ."}
{"answer": ["Ajax Amsterdam", "Heerenveen"], "question": "List all the organizations in the context", "id": "4126", "context": "Heerenveen 2 Ajax Amsterdam 0"}
{"answer": [""], "question": "List all the locations in the context", "id": "4126_", "context": "Heerenveen 2 Ajax Amsterdam 0"}
{"answer": [""], "question": "List all the people names in the context", "id": "4126_", "context": "Heerenveen 2 Ajax Amsterdam 0"}
{"answer": ["Mokhoff"], "question": "List all the people names in the context", "id": "11295", "context": "Mokhoff said uncertainty about when Gazprom would issue ADRs and about whether shares from the Russian market could be converted into ADRs had hurt prices ."}
{"answer": ["Gazprom"], "question": "List all the organizations in the context", "id": "11296", "context": "Mokhoff said uncertainty about when Gazprom would issue ADRs and about whether shares from the Russian market could be converted into ADRs had hurt prices ."}
{"answer": [""], "question": "List all the locations in the context", "id": "11296_", "context": "Mokhoff said uncertainty about when Gazprom would issue ADRs and about whether shares from the Russian market could be converted into ADRs had hurt prices ."}
{"answer": ["Axworthy"], "question": "List all the people names in the context", "id": "2794", "context": "\" The reaction of the regime there is such that many of us feel that the mission under the present circumstances should n't go ahead , \" Axworthy said ."}
{"answer": [""], "question": "List all the locations in the context", "id": "2794_", "context": "\" The reaction of the regime there is such that many of us feel that the mission under the present circumstances should n't go ahead , \" Axworthy said ."}
{"answer": [""], "question": "List all the organizations in the context", "id": "2794_", "context": "\" The reaction of the regime there is such that many of us feel that the mission under the present circumstances should n't go ahead , \" Axworthy said ."}
{"answer": ["Philadelphia"], "question": "List all the locations in the context", "id": "9398", "context": "The girl , who was accompanied to Philadelphia by her parents , will need more surgery later to correct the condition on her chest , back and legs , the hospital said ."}
{"answer": [""], "question": "List all the people names in the context", "id": "9398_", "context": "The girl , who was accompanied to Philadelphia by her parents , will need more surgery later to correct the condition on her chest , back and legs , the hospital said ."}
{"answer": [""], "question": "List all the organizations in the context", "id": "9398_", "context": "The girl , who was accompanied to Philadelphia by her parents , will need more surgery later to correct the condition on her chest , back and legs , the hospital said ."}
{"answer": ["Hogg", "M. Waugh", "A. Shah"], "question": "List all the people names in the context", "id": "7344", "context": "A. Shah c M. Waugh b Hogg 41"}
{"answer": [""], "question": "List all the locations in the context", "id": "7344_", "context": "A. Shah c M. Waugh b Hogg 41"}
{"answer": [""], "question": "List all the organizations in the context", "id": "7344_", "context": "A. Shah c M. Waugh b Hogg 41"}
